{
  "eval_mode": "both",
  "num_sample_paths": 32,
  "summaries": {
    "debug": [
      {
        "task_name": "ElectricityIncreaseInPredictionTask",
        "rows": 5,
        "mse": 318499.4240978241,
        "mae": 182.7226873397827,
        "mse_h": 4828618.659082031,
        "mae_h": 511.0727111816406,
        "mse_c": 40520.96699409485,
        "mae_c": 106.61605715751648,
        "mse_gain_vs_h": 4510119.234984207,
        "mae_gain_vs_h": 328.35002384185793,
        "roi_mse": 2538293.665789795,
        "roi_mae": 1033.3815368652345,
        "gate_mean": 0.15857041478157044,
        "gate_roi_mean": 0.8178083300590515,
        "gate_non_roi_mean": 0.10513858944177627,
        "pred_c_delta_mean_abs": 406.28359203338624,
        "pred_final_delta_mean_abs": 328.350030040741
      },
      {
        "task_name": "ElectricityIncreaseInPredictionWithDistractorText",
        "rows": 5,
        "mse": 434093.50291519164,
        "mae": 202.15238065719603,
        "mse_h": 4828618.659082031,
        "mae_h": 511.0727111816406,
        "mse_c": 40520.96699409485,
        "mae_c": 106.61605715751648,
        "mse_gain_vs_h": 4394525.156166839,
        "mae_gain_vs_h": 308.9203305244446,
        "roi_mse": 3508483.207409668,
        "roi_mae": 1223.4103759765626,
        "gate_mean": 0.15491883158683778,
        "gate_roi_mean": 0.7698254823684693,
        "gate_non_roi_mean": 0.10513858944177627,
        "pred_c_delta_mean_abs": 406.28359203338624,
        "pred_final_delta_mean_abs": 308.9203320503235
      },
      {
        "task_name": "ElectricityIncreaseInPredictionWithDistractorWithDates",
        "rows": 5,
        "mse": 429839.8439453125,
        "mae": 224.29585628509523,
        "mse_h": 4828618.659082031,
        "mae_h": 511.0727111816406,
        "mse_c": 302425.923828125,
        "mae_c": 192.97267456054686,
        "mse_gain_vs_h": 4398778.815136719,
        "mae_gain_vs_h": 286.7768548965454,
        "roi_mse": 3759010.453125,
        "roi_mae": 1546.9116149902343,
        "gate_mean": 0.14932017028331757,
        "gate_roi_mean": 0.7782479524612427,
        "gate_non_roi_mean": 0.0986671045422554,
        "pred_c_delta_mean_abs": 508.91579551696776,
        "pred_final_delta_mean_abs": 395.0955780029297
      },
      {
        "task_name": "ElectricityIncreaseInPredictionWithSplitContext",
        "rows": 5,
        "mse": 1410704.9791015624,
        "mae": 344.350150680542,
        "mse_h": 4828618.659082031,
        "mae_h": 511.0727111816406,
        "mse_c": 4164467.98046875,
        "mae_c": 524.1411926269532,
        "mse_gain_vs_h": 3417913.679980469,
        "mae_gain_vs_h": 166.72256050109863,
        "roi_mse": 15887277.39375,
        "roi_mae": 3201.1066711425783,
        "gate_mean": 0.14808239340782164,
        "gate_roi_mean": 0.8184488773345947,
        "gate_non_roi_mean": 0.09438925385475158,
        "pred_c_delta_mean_abs": 886.4996303558349,
        "pred_final_delta_mean_abs": 706.7086032867431
      }
    ],
    "official": [
      {
        "task_name": "ElectricityIncreaseInPredictionTask",
        "rows": 5,
        "official_metric_name": "threshold_weighted_crps.metric",
        "official_h_metric": 0.08657446146248486,
        "official_c_metric": 0.00750204151004997,
        "official_final_metric": 0.021916830078733233,
        "official_gain_final_vs_h": 0.06465763138375163,
        "official_gain_final_vs_c": -0.01441478856868326,
        "official_h_crps": 0.08657446146248486,
        "official_c_crps": 0.00750204151004997,
        "official_final_crps": 0.021916830078733233,
        "official_h_roi_crps": 0.17012161252678704,
        "official_c_roi_crps": 0.011976772621917259,
        "official_final_roi_crps": 0.04080634975928378,
        "official_h_violation_mean": 0.0,
        "official_c_violation_mean": 0.0,
        "official_final_violation_mean": 0.0,
        "gate_mean": 0.15857041478157044
      },
      {
        "task_name": "ElectricityIncreaseInPredictionWithDistractorText",
        "rows": 5,
        "official_metric_name": "threshold_weighted_crps.metric",
        "official_h_metric": 0.08653769741537767,
        "official_c_metric": 0.0074575159630476465,
        "official_final_metric": 0.025652158827129436,
        "official_gain_final_vs_h": 0.06088553858824823,
        "official_gain_final_vs_c": -0.01819464286408179,
        "official_h_crps": 0.08653769741537767,
        "official_c_crps": 0.0074575159630476465,
        "official_final_crps": 0.025652158827129436,
        "official_h_roi_crps": 0.17004758239626766,
        "official_c_roi_crps": 0.011887219491607611,
        "official_final_roi_crps": 0.048276505219771185,
        "official_h_violation_mean": 0.0,
        "official_c_violation_mean": 0.0,
        "official_final_violation_mean": 0.0,
        "gate_mean": 0.15491883158683778
      },
      {
        "task_name": "ElectricityIncreaseInPredictionWithDistractorWithDates",
        "rows": 5,
        "official_metric_name": "threshold_weighted_crps.metric",
        "official_h_metric": 0.08654407695942015,
        "official_c_metric": 0.02885992970784495,
        "official_final_metric": 0.03209616968097652,
        "official_gain_final_vs_h": 0.05444790727844362,
        "official_gain_final_vs_c": -0.0032362399731315746,
        "official_h_crps": 0.08654407695942015,
        "official_c_crps": 0.02885992970784495,
        "official_final_crps": 0.03209616968097652,
        "official_h_roi_crps": 0.17006680030613835,
        "official_c_roi_crps": 0.05469850580298795,
        "official_final_roi_crps": 0.0611709857492511,
        "official_h_violation_mean": 0.0,
        "official_c_violation_mean": 0.0,
        "official_final_violation_mean": 0.0,
        "gate_mean": 0.14932017028331757
      },
      {
        "task_name": "ElectricityIncreaseInPredictionWithSplitContext",
        "rows": 5,
        "official_metric_name": "threshold_weighted_crps.metric",
        "official_h_metric": 0.08652710805595666,
        "official_c_metric": 0.10084363324578878,
        "official_final_metric": 0.06490300777920117,
        "official_gain_final_vs_h": 0.02162410027675548,
        "official_gain_final_vs_c": 0.035940625466587606,
        "official_h_crps": 0.08652710805595666,
        "official_c_crps": 0.10084363324578878,
        "official_final_crps": 0.06490300777920117,
        "official_h_roi_crps": 0.17004893883687336,
        "official_c_roi_crps": 0.1986819892165376,
        "official_final_roi_crps": 0.12680073828336239,
        "official_h_violation_mean": 0.0,
        "official_c_violation_mean": 0.0,
        "official_final_violation_mean": 0.0,
        "gate_mean": 0.14808239340782164
      }
    ]
  }
}